a,b,c,d,e,f,g,h
Indian Defence Ministry Seals â‚¹2.87 Billion Contract For Spike Anti-tank Missiles | UPSC,https://www.youtube.com/watch?v=KoIUbtsRjqE,10131,Education,16M59S,10131,2023-09-05,UPSC IAS LIVE Prelims to Interview (P2I) 2024 September Batch : https://bit.ly/3R21pqUBatch Starting on 11th September 2023 | Daily Live Classes at 8:00 AMHu...
Toy Park in YEIDA (UP) to Surpass China in Production | UPSC,https://www.youtube.com/watch?v=B42MuAfa9k8,9058,Education,11M9S,9058,2023-09-05,UPSC IAS LIVE Prelims to Interview (P2I) 2024 September Batch : https://bit.ly/3R21pqUBatch Starting on 11th September 2023 | Daily Live Classes at 8:00 AMHu...
ODISHA Current Affairs 2023 l August CA 2023 for Odisha PCS l Dr Vipan Goyal @StudyIQPCSofficial,https://www.youtube.com/watch?v=dddhB6sQTVA,0,Education,42M33S,0,2023-09-05,ðŸ‘‰ Odisha PSC (Pre + Mains) Live Foundation 2024 Batch 2 : https://bit.ly/3KX5zMTðŸ‘‰ Bihar PSC (Pre + Mains) Live Foundation 2024 Batch 4 : https://bit.ly/3qE...
India May Be Renamed Bharat: Govt to Bring Resolution in Parliament | PM Modi | BJP | UPSC,https://www.youtube.com/watch?v=AA6wIiCH-jQ,231928,Education,12M56S,231928,2023-09-05,UPSC IAS LIVE Prelims to Interview (P2I) 2024 September Batch : https://bit.ly/3R21pqUBatch Starting on 11th September 2023 | Daily Live Classes at 8:00 AMHu...
Udhayanidhi Stalin's Sanatana Dharma Row: 2024 Elections & Anti-Caste & religion Views | UPSC,https://www.youtube.com/watch?v=qkmMtOv1fdY,67368,Education,16M26S,67368,2023-09-04,UPSC IAS LIVE Prelims to Interview (P2I) 2024 September Batch : https://bit.ly/3R21pqUBatch Starting on 11th September 2023 | Daily Live Classes at 8:00 AMHu...
How Ola Electric is challenging Global EV Market? Ola Vs Tesla | UPSC Mains,https://www.youtube.com/watch?v=5lmToaQz5XQ,20782,Education,22M52S,20782,2023-09-04,UPSC IAS LIVE Prelims to Interview (P2I) 2024 September Batch : https://bit.ly/3R21pqUBatch Starting on 11th September 2023 | Daily Live Classes at 8:00 AMHu...
India Almost Lost Kolkata to Pak That Day! | Untold History,https://www.youtube.com/watch?v=IoROzWRVSd4,1,Education,17M45S,1,2023-09-04,UPSC IAS LIVE Prelims to Interview (P2I) 2024 September Batch : https://bit.ly/3R21pqUBatch Starting on 11th September 2023 | Daily Live Classes at 8:00 AMHu...
"South Africa: Overview | History, Geography, Economy, Polity | World Countries",https://www.youtube.com/watch?v=NhIFEjcdFmo,7118,Education,20M59S,7118,2023-09-04,UPSC IAS LIVE Prelims to Interview (P2I) 2024 September Batch : https://bit.ly/3R21pqUBatch Starting on 11th September 2023 | Daily Live Classes at 8:00 AMHu...
World's Largest Crater and it's Link to Mass Extinction | Geography Optional | StudyIQ,https://www.youtube.com/watch?v=lF5TC8eS9yY,2121,Education,33M13S,2121,2023-09-04,UPSC IAS LIVE Prelims to Interview (P2I) 2024 September Batch : https://bit.ly/3R21pqUBatch Starting on 11th September 2023 | Daily Live Classes at 8:00 AMHu...
Environment & Ecology Series | Lec 19 Radioactive & Mining Pollution & Environmental Issues on India,https://www.youtube.com/watch?v=hFt9NhJOpYY,2467,Education,43M54S,2467,2023-09-04,UPSC IAS LIVE Prelims to Interview (P2I) 2024 September Batch : https://bit.ly/3R21pqUBatch Starting on 11th September 2023 | Daily Live Classes at 8:00 AMHu...
Daily Current Affairs for UPSC CSE Exam | 4 September 2023 | StudyIQ Current Affairs | UPSC,https://www.youtube.com/watch?v=C0y2A_3U8aE,3687,Education,26M21S,3687,2023-09-04,UPSC IAS LIVE Prelims to Interview (P2I) 2024 September Batch : https://bit.ly/3R21pqUBatch Starting on 11th September 2023 | Daily Live Classes at 8:00 AMHu...
Why China is Afraid of Facing G20? | GeoPulse | Shivani Tripathi | StudyIQ IAS,https://www.youtube.com/watch?v=gJx7iwVn4Wk,5483,Education,8M4S,5483,2023-09-04,UPSC IAS LIVE Prelims to Interview (P2I) 2024 September Batch : https://bit.ly/3R21pqUBatch Starting on 11th September 2023 | Daily Live Classes at 8:00 AMHu...
How Ashok Leyland Stallion became Backbone of Indian Army? UPSC Mains,https://www.youtube.com/watch?v=1fymjCalwX0,45188,Education,11M50S,45188,2023-09-04,UPSC IAS LIVE Prelims to Interview (P2I) 2024 September Batch : https://bit.ly/3R21pqUBatch Starting on 11th September 2023 | Daily Live Classes at 8:00 AMHu...
Where is Underworld Don Dawood Ibrahim | Pakistan | Mumbai Underworld,https://www.youtube.com/watch?v=Rkaes0ZQPCo,54191,Education,21M21S,54191,2023-09-04,UPSC IAS LIVE Prelims to Interview (P2I) 2024 September Batch : https://bit.ly/3R21pqUBatch Starting on 11th September 2023 | Daily Live Classes at 8:00 AMHu...
Indian-Origin Former Minister Wins Singapore Presidential Election | UPSC,https://www.youtube.com/watch?v=WggOGpxs31M,90688,Education,11M7S,90688,2023-09-04,UPSC IAS LIVE Prelims to Interview (P2I) 2024 September Batch : https://bit.ly/3R21pqUBatch Starting on 11th September 2023 | Daily Live Classes at 8:00 AMHu...
India's Moon Lander Vikram Hopped & Soft Landed Again | UPSC,https://www.youtube.com/watch?v=DcRZiJxjNHM,389271,Education,10M54S,389271,2023-09-04,India's Moon Lander Vikram Hopped & Soft Landed Again | UPSCUPSC IAS LIVE Prelims to Interview (P2I) 2024 September Batch : https://bit.ly/3R21pqUBatch Start...
"Sri Lanka: Island Nation Overview | Culture, Geography, History, Tourism | World Countries | UPSC",https://www.youtube.com/watch?v=1Ot6lR5Efe4,9228,Education,20M29S,9228,2023-09-04,UPSC IAS LIVE Prelims to Interview (P2I) 2024 September Batch : https://bit.ly/3R21pqUBatch Starting on 11th September 2023 | Daily Live Classes at 8:00 AMHu...
Pirola COVID-19 Variant: Is it More Dangerous than Previous Variants? | UPSC,https://www.youtube.com/watch?v=hmATHpOfoWA,98657,Education,11M21S,98657,2023-09-03,UPSC IAS LIVE Prelims to Interview (P2I) 2024 September Batch : https://bit.ly/3R21pqUBatch Starting on 11th September 2023 | Daily Live Classes at 8:00 AMHu...
Science & Technology in News: Weekly Compilation | (27 August - 2 September 2023) | UPSC CSE 2024,https://www.youtube.com/watch?v=2EcPEZHP5hc,6501,Education,32M25S,6501,2023-09-03,UPSC IAS LIVE Prelims to Interview (P2I) 2024 September Batch : https://bit.ly/3R21pqUBatch Starting on 11th September 2023 | Daily Live Classes at 8:00 AMHu...
Why Bangladesh is Boiling Before the Elections? | GeoPulse | Bangladesh Elections I StudyIQ IAS,https://www.youtube.com/watch?v=O4JEo0sHVZY,7949,Education,11M3S,7949,2023-09-03,UPSC IAS LIVE Prelims to Interview (P2I) 2024 September Batch : https://bit.ly/3R21pqUBatch Starting on 11th September 2023 | Daily Live Classes at 8:00 AMHu...
Indiaâ€™s Lethal Astra Missile | How China & Pak are worried about it? UPSC Mains GS3,https://www.youtube.com/watch?v=T7dLeEWpvdo,56067,Education,6M10S,56067,2023-09-03,UPSC IAS LIVE Prelims to Interview (P2I) 2024 September Batch : https://bit.ly/3R21pqUBatch Starting on 11th September 2023 | Daily Live Classes at 8:00 AMHu...
India's unreal plan to defend borders with China | Aksai Chin | Ladakh | LAC,https://www.youtube.com/watch?v=0BkzoXXH3Ao,221303,Education,14M13S,221303,2023-09-03,UPSC IAS LIVE Prelims to Interview (P2I) 2024 September Batch : https://bit.ly/3R21pqUBatch Starting on 11th September 2023 | Daily Live Classes at 8:00 AMHu...
India keeps its water delivery promise | Har Ghar Jal Details | Govt. Schemes | UPSC,https://www.youtube.com/watch?v=gCKthUAOZ7k,5372,Education,7M55S,5372,2023-09-03,UPSC IAS LIVE Prelims to Interview (P2I) 2024 September Batch : https://bit.ly/3R21pqUBatch Starting on 11th September 2023 | Daily Live Classes at 8:00 AMHu...
Xi Jinping to Skip G20 Summit in New Delhi | UPSC,https://www.youtube.com/watch?v=Rr4nxSj2nII,104272,Education,11M57S,104272,2023-09-03,UPSC IAS LIVE Prelims to Interview (P2I) 2024 September Batch : https://bit.ly/3R21pqUBatch Starting on 11th September 2023 | Daily Live Classes at 8:00 AMHu...
Presidential vs Prime Ministerial form of Government | Detailed Analysis | GS 2 I UPSC,https://www.youtube.com/watch?v=75TBlXxQR_g,5150,Education,19M38S,5150,2023-09-03,UPSC IAS LIVE Prelims to Interview (P2I) 2024 September Batch : https://bit.ly/3R21pqUBatch Starting on 11th September 2023 | Daily Live Classes at 8:00 AMHu...
'Electric shock': Pakistan into crisis again as thousands protests in POK | UPSC,https://www.youtube.com/watch?v=LaJYN717cpw,161719,Education,11M41S,161719,2023-09-03,UPSC IAS LIVE Prelims to Interview (P2I) 2024 September Batch : https://bit.ly/3R21pqUBatch Starting on 11th September 2023 | Daily Live Classes at 8:00 AMHu...
Why Gilgit Baltistan is Desperate to Join India? Gilgit Baltistan Protest | UPSC Mains,https://www.youtube.com/watch?v=pTkmXjt7yhg,385562,Education,20M58S,385562,2023-09-02,UPSC IAS LIVE Prelims to Interview (P2I) 2024 September Batch : https://bit.ly/3R21pqUBatch Starting on 11th September 2023 | Daily Live Classes at 8:00 AMHu...
Daily Current Affairs for UPSC CSE Exam | 2 September 2023 | StudyIQ Current Affairs | UPSC,https://www.youtube.com/watch?v=SXM4VvaW50Y,5985,Education,32M35S,5985,2023-09-02,UPSC IAS LIVE Prelims to Interview (P2I) 2024 September Batch : https://bit.ly/3R21pqUBatch Starting on 11th September 2023 | Daily Live Classes at 8:00 AMHu...
NEWS@9 Weekly Compilation (28 August- 01 September) : Important Current News | StudyIQ IAS Hindi,https://www.youtube.com/watch?v=SJqFzBAhYr8,4119,Education,28M50S,4119,2023-09-02,UPSC IAS LIVE Prelims to Interview (P2I) 2024 September Batch : https://bit.ly/3R21pqUBatch Starting on 11th September 2023 | Daily Live Classes at 8:00 AMHu...
Environment & Ecology in News: Weekly Compilation ( 27 August - 2 September 2023) | UPSC CSE 2024,https://www.youtube.com/watch?v=Wnc4zNJWElE,4119,Education,35M11S,4119,2023-09-02,UPSC IAS LIVE Prelims to Interview (P2I) 2024 September Batch : https://bit.ly/3R21pqUBatch Starting on 11th September 2023 | Daily Live Classes at 8:00 AMHu...
China's psychological war against India | GS 2 | UPSC,https://www.youtube.com/watch?v=JevMYspT1Is,12122,Education,16M36S,12122,2023-09-02,UPSC IAS LIVE Prelims to Interview (P2I) 2024 September Batch : https://bit.ly/3R21pqUBatch Starting on 11th September 2023 | Daily Live Classes at 8:00 AMHu...
Aditya-L1 Why Race Towards Sun Heats Up? I GeoPulse | Aditya- L1 Mission I StudyIQ IAS,https://www.youtube.com/watch?v=7cNpdvVvfHs,6843,Education,12M25S,6843,2023-09-02,UPSC IAS LIVE Prelims to Interview (P2I) 2024 September Batch : https://bit.ly/3R21pqUBatch Starting on 11th September 2023 | Daily Live Classes at 8:00 AMHu...
You are Passing Exams But failing Life? | Pathetic Indian Colleges & Education System,https://www.youtube.com/watch?v=GQ0NTCREGhc,54411,Education,15M20S,54411,2023-09-02,UPSC IAS LIVE Prelims to Interview (P2I) 2024 September Batch : https://bit.ly/3R21pqUBatch Starting on 11th September 2023 | Daily Live Classes at 8:00 AMHu...
Government Introduces New Rules for SIM Card | UPSC,https://www.youtube.com/watch?v=Ke9nRCGt9To,717374,Education,9M16S,717374,2023-09-02,UPSC IAS LIVE Prelims to Interview (P2I) 2024 September Batch : https://bit.ly/3R21pqUBatch Starting on 11th September 2023 | Daily Live Classes at 8:00 AMHu...
"HP, Dell, Lenovo Among 40 Firms Applied For PLI 2.0 To Make Laptops In India | UPSC",https://www.youtube.com/watch?v=djNcQNTS-hA,215908,Education,10M56S,215908,2023-09-02,UPSC IAS LIVE Prelims to Interview (P2I) 2024 September Batch : https://bit.ly/3R21pqUBatch Starting on 11th September 2023 | Daily Live Classes at 8:00 AMHu...
India's UPI Breaks Record To Touch 10 Billion Monthly Transactions In August | UPSC,https://www.youtube.com/watch?v=5YDIZ4-joho,54829,Education,11M2S,54829,2023-09-02,UPSC IAS LIVE Prelims to Interview (P2I) 2024 September Batch : https://bit.ly/3R21pqUBatch Starting on 11th September 2023 | Daily Live Classes at 8:00 AMHu...
The Dark Secret Of Cricket | Pakistan Cricket Team | Bob Woolmer Death Mystery | World Cup,https://www.youtube.com/watch?v=5LEEHXrfp00,12894,Education,24M14S,12894,2023-09-01,UPSC IAS LIVE Prelims to Interview (P2I) 2024 September Batch : https://bit.ly/3R21pqUBatch Starting on 11th September 2023 | Daily Live Classes at 8:00 AMHu...
Aditya-L1: India's First Solar Mission | ISRO's Journey to the Sun | UPSC,https://www.youtube.com/watch?v=3g5AaUeypHs,52345,Education,12M50S,52345,2023-09-01,UPSC IAS LIVE Prelims to Interview (P2I) 2024 September Batch : https://bit.ly/3R21pqUBatch Starting on 11th September 2023 | Daily Live Classes at 8:00 AMHu...
"One Nation, One Election: A Solution to India's Election Fatigue? | Lok Sabha | Rajya Sabha | UPSC",https://www.youtube.com/watch?v=hZt_oZVAmZA,355227,Education,16M34S,355227,2023-09-01,UPSC IAS LIVE Prelims to Interview (P2I) 2024 September Batch : https://bit.ly/3R21pqUBatch Starting on 11th September 2023 | Daily Live Classes at 8:00 AMHu...
How Indiaâ€™s Electronic Masterstroke will make India Superpower? UPSC Mains,https://www.youtube.com/watch?v=H_MR7QDCc0E,69854,Education,19M55S,69854,2023-09-01,UPSC IAS LIVE Prelims to Interview (P2I) 2024 September Batch : https://bit.ly/3R21pqUBatch Starting on 11th September 2023 | Daily Live Classes at 8:00 AMHu...
Key Concepts | Tribes Vs PVTGs Vs Scheduled Tribe | StudyIQ IAS,https://www.youtube.com/watch?v=t46zFMJMS2Q,2004,Education,17M30S,2004,2023-09-01,"UPSC IAS (Mains) Anthropology Optional Live 2024 (Comprehensive) August Batch : https://bit.ly/47mud33Admissions Closing on 7th Sept, 2023 | Timing - 1:00 PM..."
Daily Current Affairs for UPSC CSE Exam | 1 September 2023 | StudyIQ Current Affairs | UPSC,https://www.youtube.com/watch?v=DfC1lBxhJa0,4939,Education,29M42S,4939,2023-09-01,UPSC IAS LIVE Prelims to Interview (P2I) 2024 September Batch : https://bit.ly/3R21pqUBatch Starting on 11th September 2023 | Daily Live Classes at 8:00 AMHu...
Ethics Case Studies: UPSC 2021 PYQ | Lec 8 - Empathy and Compassion Towards Weaker Section | UPSC,https://www.youtube.com/watch?v=Og--LyxEmTg,2567,Education,31M0S,2567,2023-09-01,UPSC IAS LIVE Prelims to Interview (P2I) 2024 September Batch : https://bit.ly/3R21pqUBatch Starting on 11th September 2023 | Daily Live Classes at 8:00 AMHu...
Indians Lose 5.3 years of Life to Air Pollution | UPSC,https://www.youtube.com/watch?v=7JNfwbuQGLQ,4485,Education,14M7S,4485,2023-09-01,UPSC IAS LIVE Prelims to Interview (P2I) 2024 September Batch : https://bit.ly/3R21pqUBatch Starting on 11th September 2023 | Daily Live Classes at 8:00 AMHu...
EUâ€™s Hypocrisy Exposed yet Again | UPSC,https://www.youtube.com/watch?v=LTIYrtb0sHY,8970,Education,11M44S,8970,2023-09-01,UPSC IAS LIVE Prelims to Interview (P2I) 2024 August Batch 2 : https://bit.ly/45NFpo7Admissions Closing on 31st August 2023 | Daily Live Classes at 6:00 PMHu...
"One Nation, One Election in India | UPSC",https://www.youtube.com/watch?v=sc3CkMKVjGM,62583,Education,20M35S,62583,2023-09-01,UPSC IAS LIVE Prelims to Interview (P2I) 2024 September Batch : https://bit.ly/3R21pqUBatch Starting on 11th September 2023 | Daily Live Classes at 8:00 AMHu...
Surya Siddanth Se Surya Tak | Indiaâ€™s Space Dominance Begins | ADITYA L1,https://www.youtube.com/watch?v=iuRILf_AHYE,13044,Education,11M25S,13044,2023-09-01,UPSC IAS LIVE Prelims to Interview (P2I) 2024 September Batch : https://bit.ly/3R21pqUBatch Starting on 11th September 2023 | Daily Live Classes at 8:00 AMHu...
India's Most Scariest Burari Case | Explained | Case Study,https://www.youtube.com/watch?v=vL-8i5IRoEA,19288,Education,35M40S,19288,2023-09-01,UPSC IAS LIVE Prelims to Interview (P2I) 2024 September Batch : https://bit.ly/3R21pqUBatch Starting on 11th September 2023 | Daily Live Classes at 8:00 AMHu...
India's Exports Hit Record High Despite Global Recession | Indian government policies | UPSC,https://www.youtube.com/watch?v=RtcP1q1qXy4,99748,Education,13M10S,99748,2023-09-01,UPSC IAS LIVE Prelims to Interview (P2I) 2024 September Batch : https://bit.ly/3R21pqUBatch Starting on 11th September 2023 | Daily Live Classes at 8:00 AMHu...
Do We Have a Superocean Underneath the Earth? | Nebular Theory | StudyIQ IAS,https://www.youtube.com/watch?v=0oFi6FZRNiQ,3182,Education,25M26S,3182,2023-09-01,UPSC IAS LIVE Prelims to Interview (P2I) 2024 August Batch 2 : https://bit.ly/45NFpo7Admissions Closing on 31st August 2023 | Daily Live Classes at 6:00 PMHu...
Insurance Terminology Set 6,https://www.youtube.com/watch?v=Ab6LCNHQOTQ,986,Education,35M58S,986,2023-09-01,UPSC IAS LIVE Prelims to Interview (P2I) 2024 September Batch : https://bit.ly/3R21pqUBatch Starting on 11th September 2023 | Daily Live Classes at 8:00 AMHu...
Insurance Terminology Set 5,https://www.youtube.com/watch?v=f3mpG3mGYfY,4388,Education,40M33S,4388,2023-09-01,UPSC IAS LIVE Prelims to Interview (P2I) 2024 September Batch : https://bit.ly/3R21pqUBatch Starting on 11th September 2023 | Daily Live Classes at 8:00 AMHu...
Modi Government Calls 5 Days Special Session of Parliament | Uniform Civil Code | Single Poll | UPSC,https://www.youtube.com/watch?v=7vvwM-3MvLI,283221,Education,14M6S,283221,2023-09-01,UPSC IAS LIVE Prelims to Interview (P2I) 2024 August Batch 2 : https://bit.ly/45NFpo7Admissions Closing on 31st August 2023 | Daily Live Classes at 6:00 PMHu...
India's First Indigenous Nuclear Plant Starts in Gujarat | UPSC,https://www.youtube.com/watch?v=qxBwJ7R0WAM,38182,Education,10M2S,38182,2023-09-01,UPSC IAS LIVE Prelims to Interview (P2I) 2024 September Batch : https://bit.ly/3R21pqUBatch Starting on 11th September 2023 | Daily Live Classes at 8:00 AMHu...
Pakistanâ€™s Friend Turkey Removed from Indian Defence Deal? But Why? | UPSC,https://www.youtube.com/watch?v=Kdhv1PEmpdI,96662,Education,8M7S,96662,2023-09-01,UPSC IAS LIVE Prelims to Interview (P2I) 2024 September Batch : https://bit.ly/3R21pqUBatch Starting on 11th September 2023 | Daily Live Classes at 8:00 AMHu...
Why do Israelis love India? How PM Modi winning hearts and minds around the world |  UPSC,https://www.youtube.com/watch?v=GvMBwj_4i2g,47664,Education,10M28S,47664,2023-09-01,UPSC IAS LIVE Prelims to Interview (P2I) 2024 September Batch : https://bit.ly/3R21pqUBatch Starting on 11th September 2023 | Daily Live Classes at 8:00 AMHu...
Chandrayaan 3: Vikram Lander Detects Natural Seismic Movement On Moon | Moonquake | UPSC,https://www.youtube.com/watch?v=oUxWGnWnlZQ,175166,Education,14M3S,175166,2023-08-31,UPSC IAS LIVE Prelims to Interview (P2I) 2024 September Batch : https://bit.ly/3R21pqUBatch Starting on 11th September 2023 | Daily Live Classes at 8:00 AMHu...
India overtakes China as the fastest-growing major economy in the world | UPSC,https://www.youtube.com/watch?v=RYaJH3VTalE,89249,Education,10M44S,89249,2023-08-31,UPSC IAS LIVE Prelims to Interview (P2I) 2024 September Batch : https://bit.ly/3R21pqUBatch Starting on 11th September 2023 | Daily Live Classes at 8:00 AMHu...
After Moon ISRO is ready for the Sun | Aditya L1 Mission through Animation | UPSC Mains,https://www.youtube.com/watch?v=azDf_eLqGyw,79356,Education,14M8S,79356,2023-08-31,After Moon ISRO is ready for the Sun | Aditya L1 Mission through Animation | UPSC MainsUPSC IAS LIVE Prelims to Interview (P2I) 2024 September Batch : https:...
Daily Current Affairs for UPSC CSE Exam | 31 August 2023 | StudyIQ Current Affairs | UPSC,https://www.youtube.com/watch?v=ZD-Tqod3Zrk,5225,Education,30M36S,5225,2023-08-31,UPSC IAS LIVE Prelims to Interview (P2I) 2024 August Batch 2 : https://bit.ly/45NFpo7Admissions Closing on 31st August 2023 | Daily Live Classes at 6:00 PMHu...
What Does Collaborative Governance Mean? |  Key Elements of Governance | Public Administration,https://www.youtube.com/watch?v=U_ecEpp3DFA,2813,Education,12M35S,2813,2023-08-31,"UPSC Public Administration Optional Live 2024 (Comprehensive) August Batch : https://bit.ly/43P4Xj2Admissions Closing on 14th Sept, 2023 | Timing - 1:00 PMTo..."
Centre tells Supreme Court: Unable to give exact date when J&K Statehood would be restored | UPSC,https://www.youtube.com/watch?v=7SSgp-wddTo,24224,Education,12M25S,24224,2023-08-31,UPSC IAS LIVE Prelims to Interview (P2I) 2024 August Batch 2 : https://bit.ly/45NFpo7Admissions Closing on 31st August 2023 | Daily Live Classes at 6:00 PMHu...
Heat in Pacific Over Fukushima - Japan vs China | GeoPulse | Fukushima Nuclear Water Waste,https://www.youtube.com/watch?v=pEPCaYWFWfc,4544,Education,13M7S,4544,2023-08-31,UPSC IAS LIVE Prelims to Interview (P2I) 2024 August Batch 2 : https://bit.ly/45NFpo7Admissions Closing on 31st August 2023 | Daily Live Classes at 6:00 PMHu...
China wins without fighting & US fights without winning | UPSC,https://www.youtube.com/watch?v=gniQ-lyn6Ck,22542,Education,15M14S,22542,2023-08-31,UPSC IAS LIVE Prelims to Interview (P2I) 2024 August Batch 2 : https://bit.ly/45NFpo7Admissions Closing on 31st August 2023 | Daily Live Classes at 6:00 PMHu...
The Population Problem of Sikkim | Why Sikkim need More Babies? UPSC Mains GS1,https://www.youtube.com/watch?v=O-pxZG5TTAc,26275,Education,22M29S,26275,2023-08-31,UPSC IAS LIVE Prelims to Interview (P2I) 2024 August Batch 2 : https://bit.ly/45NFpo7Admissions Closing on 31st August 2023 | Daily Live Classes at 6:00 PMHu...
Worried About Your Preparation? Enroll in Our P2i Courses For Complete Guidance | UPSC,https://www.youtube.com/watch?v=F7GJJI4pwa8,1040,Education,6M56S,1040,2023-08-31,UPSC IAS LIVE Prelims to Interview (P2I) 2024 August Batch 2 : https://bit.ly/45NFpo7Admissions Closing on 31st August 2023 | Daily Live Classes at 6:00 PMHu...
Vande Bharat Express to Replace Rajdhani Trains | UPSC,https://www.youtube.com/watch?v=z52zCEFQg4s,29392,Education,10M53S,29392,2023-08-31,UPSC IAS LIVE Prelims to Interview (P2I) 2024 August Batch 2 : https://bit.ly/45NFpo7Admissions Closing on 31st August 2023 | Daily Live Classes at 6:00 PMHu...
Can ASI File an FIR Against a Government Body? | CMDA | Archaeological site Protection Rules | UPSC,https://www.youtube.com/watch?v=jgFFnuRfEsc,2532,Education,14M24S,2532,2023-08-31,"UPSC IAS (Mains) Anthropology Optional Live 2024 (Comprehensive) August Batch : https://bit.ly/47mud33Admissions Closing on 7th Sept, 2023 | Timing - 1:00 PM..."
Anti-Pakistan Protest in PoK: Threats of Merger with India | UPSC,https://www.youtube.com/watch?v=AftzdVjn2WU,657854,Education,15M58S,657854,2023-08-31,UPSC IAS LIVE Prelims to Interview (P2I) 2024 August Batch 2 : https://bit.ly/45NFpo7Admissions Closing on 31st August 2023 | Daily Live Classes at 6:00 PMHu...
Hindenburg 2.0: Adani Stock Linked to Opaque Funds in Mauritius | UPSC,https://www.youtube.com/watch?v=AAtd02u7PtU,115481,Education,12M58S,115481,2023-08-31,UPSC IAS LIVE Prelims to Interview (P2I) 2024 August Batch 2 : https://bit.ly/45NFpo7Admissions Closing on 31st August 2023 | Daily Live Classes at 6:00 PMHu...
El Nino: India's Foremost Economic and Political Risk Explained | Climate Change | UPSC,https://www.youtube.com/watch?v=uNz7C7Via4g,202681,Education,13M21S,202681,2023-08-30,UPSC IAS LIVE Prelims to Interview (P2I) 2024 August Batch 2 : https://bit.ly/45NFpo7Admissions Closing on 31st August 2023 | Daily Live Classes at 6:00 PMHu...
Why Indian Exports are Crashing? Indiaâ€™s Trade Deficit Problem | UPSC Mains GS1,https://www.youtube.com/watch?v=Jry8zkQ3crg,37376,Education,20M27S,37376,2023-08-30,UPSC IAS LIVE Prelims to Interview (P2I) 2024 August Batch 2 : https://bit.ly/45NFpo7Admissions Closing on 31st August 2023 | Daily Live Classes at 6:00 PMHu...
Why North India Experienced Heavy Rainfall? Global Warming | Climate Change | StudyIQ IAS,https://www.youtube.com/watch?v=Fp0kmX1x73A,5963,Education,28M23S,5963,2023-08-30,"UPSC IAS (Mains) Geography Optional Live 2024 (Comprehensive) August Batch : https://bit.ly/3qkIm01Admissions Closing on 10th Sept, 2023 | Timing - 1:00 PMTo..."
UP Judiciary Rank 1 Interview | Nishi Gupta from StudyIQ Judiciary | Topper's Interview,https://www.youtube.com/watch?v=O3fDUIaBLTU,2406,Education,2M9S,2406,2023-08-30,UPSC IAS LIVE Prelims to Interview (P2I) 2024 August Batch 2 : https://bit.ly/45NFpo7Admissions Closing on 31st August 2023 | Daily Live Classes at 6:00 PMHu...
Worried About Your Preparation? Enroll in Our P2i Courses For Complete Guidance | UPSC,https://www.youtube.com/watch?v=sReWWgIM7fM,2532,Education,22M1S,2532,2023-08-30,UPSC IAS LIVE Prelims to Interview (P2I) 2024 August Batch 2 : https://bit.ly/45NFpo7Admissions Closing on 31st August 2023 | Daily Live Classes at 6:00 PMHu...
Study IQ UPSC Courses: Grab Discounts and Savings on Your UPSC Exam Preparation,https://www.youtube.com/watch?v=Mmzx7N7N3y8,1984,Education,9M39S,1984,2023-08-30,UPSC IAS LIVE Prelims to Interview (P2I) 2024 August Batch 2 : https://bit.ly/45NFpo7Admissions Closing on 31st August 2023 | Daily Live Classes at 6:00 PMHu...
The Bangladesh Immigrants & Border Problem | India & Pakistan | UPSC,https://www.youtube.com/watch?v=vmr31Bi3ozQ,86361,Education,15M29S,86361,2023-08-30,UPSC IAS LIVE Prelims to Interview (P2I) 2024 August Batch 2 : https://bit.ly/45NFpo7Admissions Closing on 31st August 2023 | Daily Live Classes at 6:00 PMHu...
World's First BS6 Electrified Flex Fuel Vehicle Unveiled | UPSC,https://www.youtube.com/watch?v=dhuLhw75jIM,150283,Education,11M29S,150283,2023-08-30,UPSC IAS LIVE Prelims to Interview (P2I) 2024 August Batch 2 : https://bit.ly/45NFpo7Admissions Closing on 31st August 2023 | Daily Live Classes at 6:00 PMHu...
Jio Will be Among World's First to Develop 6G Capabilities | UPSC,https://www.youtube.com/watch?v=GyBgHEE_G2g,40512,Education,13M11S,40512,2023-08-30,UPSC IAS LIVE Prelims to Interview (P2I) 2024 August Batch 2 : https://bit.ly/45NFpo7Admissions Closing on 31st August 2023 | Daily Live Classes at 6:00 PMHu...
Maximize Your UPSC Preparation: Study IQ's Exclusive Course Offers You Can't Miss! | UPSC,https://www.youtube.com/watch?v=hYk5vaKx5yk,3279,Education,16M40S,3279,2023-08-30,UPSC IAS LIVE Prelims to Interview (P2I) 2024 August Batch 2 : https://bit.ly/45NFpo7Admissions Closing on 31st August 2023 | Daily Live Classes at 6:00 PMHu...
Its your time to get success: P2i Rakshabandhan sale,https://www.youtube.com/watch?v=TVkk1VTP_e0,670,Education,2M50S,670,2023-08-30,UPSC IAS LIVE Prelims to Interview (P2I) 2024 August Batch 2 : https://bit.ly/45NFpo7Admissions Closing on 31st August 2023 | Daily Live Classes at 6:00 PMHu...
Is Rakshabandhan a Tribal Festival? Anthropology | StudyIQ IAS,https://www.youtube.com/watch?v=WnT4YghvVOk,2704,Education,24M21S,2704,2023-08-30,"UPSC IAS (Mains) Anthropology Optional Live 2024 (Comprehensive) August Batch : https://bit.ly/47mud33Admissions Closing on 7th Sept, 2023 | Timing - 1:00 PM..."
"Jaishankar Hits Back At China New Map Claiming Arunachal, Aksai Chin | UPSC",https://www.youtube.com/watch?v=_YwtFoso4a4,151071,Education,13M53S,151071,2023-08-30,UPSC IAS LIVE Prelims to Interview (P2I) 2024 August Batch 2 : https://bit.ly/45NFpo7Admissions Closing on 31st August 2023 | Daily Live Classes at 6:00 PMHu...
G 20 Summit | 3-Day Holiday Lockdown Announced In Delhi | UPSC,https://www.youtube.com/watch?v=Bxnf0igkbNI,46735,Education,10M54S,46735,2023-08-30,UPSC IAS LIVE Prelims to Interview (P2I) 2024 August Batch 2 : https://bit.ly/45NFpo7Admissions Closing on 31st August 2023 | Daily Live Classes at 6:00 PMHu...
Domestic LPG Cylinder Price Slashed by Rs 200 | UPSC | StudyIQ,https://www.youtube.com/watch?v=oITb1EfXEDs,57835,Education,12M26S,57835,2023-08-30,UPSC IAS LIVE Prelims to Interview (P2I) 2024 August Batch 2 : https://bit.ly/45NFpo7Admissions Closing on 31st August 2023 | Daily Live Classes at 6:00 PMHu...
How Hindus are Influencing American Politics? USA Elections | UPSC Mains GS2,https://www.youtube.com/watch?v=5OHNF40TJCw,123125,Education,19M57S,123125,2023-08-29,UPSC IAS LIVE Prelims to Interview (P2I) 2024 August Batch 2 : https://bit.ly/45NFpo7Admissions Closing on 31st August 2023 | Daily Live Classes at 6:00 PMHu...
"ISRO's Pragyan Rover Lunar Discoveries: Sulphur Confirmed, Oxygen Detected, Hydrogen Hunt | UPSC",https://www.youtube.com/watch?v=HA57F6yoNsI,315788,Education,11M20S,315788,2023-08-29,UPSC IAS LIVE Prelims to Interview (P2I) 2024 August Batch 2 : https://bit.ly/45NFpo7Admissions Closing on 31st August 2023 | Daily Live Classes at 6:00 PMHu...
China starts War Map with India | GeoPulse | Arunachal Pradesh | Aksaichin,https://www.youtube.com/watch?v=Tv1mxKSd7LY,12317,Education,9M49S,12317,2023-08-29,UPSC IAS LIVE Prelims to Interview (P2I) 2024 August Batch 2 : https://bit.ly/45NFpo7Admissions Closing on 31st August 2023 | Daily Live Classes at 6:00 PMHu...
World's Biggest Aviation Mystery | Can MH370 be Found Now? | What Really Happened?,https://www.youtube.com/watch?v=n9_rXxIPtNA,87317,Education,17M37S,87317,2023-08-29,UPSC IAS LIVE Prelims to Interview (P2I) 2024 August Batch 2 : https://bit.ly/45NFpo7Admissions Closing on 31st August 2023 | Daily Live Classes at 6:00 PMHu...
Why choose Sociology Optional at Study IQ? Approach | Analysis | UPSC CSE 2024,https://www.youtube.com/watch?v=px0iLXywR3w,2736,Education,15M37S,2736,2023-08-29,"UPSC IAS (Mains) Sociology Optional Live 2024 (Comprehensive) August Batch : https://bit.ly/3DAgqZlAdmissions Closing on 1st Sept, 2023 | Timing -1:00 PMTo k..."
